,A,B,C,D
2000-01-01,-0.34810794408814183,-1.943397075703777,0.13577887587987317,-0.6161995297884805
2000-01-02,-1.8169446380546084,-1.964791267750454,1.6409844886089173,-1.2693356997307275
2000-01-03,-1.2451417110280605,-2.666185096584024,2.539610854979976,-0.3927302252263565
2000-01-04,-2.6021912323822347,-4.032904510715916,3.396329782321452,-2.3410785670547822
2000-01-05,-2.520801653978836,-3.081734472761344,3.6895370427739773,-2.0220037256201207
2000-01-06,-3.682194521853832,-2.94656357510201,4.557147823782797,-2.9817008830276914
2000-01-07,-3.701402029134253,-2.9205050090235916,3.786621771386291,-5.235628686238308
2000-01-08,-4.439704194720611,-3.020691987919443,4.242155288946506,-4.530054140879057
2000-01-09,-5.406117830417901,-1.9708099375698467,4.972338217932678,-4.803314320000975
2000-01-10,-4.934071242304774,-1.315301884308597,4.316966827427094,-4.136449130497766
2000-01-11,-4.425315507628832,-2.6114694609269327,3.391472812298369,-3.1599740406470396
2000-01-12,-1.9729019622530388,-3.3091764418509415,2.9801597811807463,-3.276463243561327
2000-01-13,-0.9652935691152231,-2.079208334112745,4.105175756189184,-2.506577720009342
2000-01-14,0.9485491759301155,-1.5870638980976441,2.7680641265906516,-2.7995465954155585
2000-01-15,2.8809914147480935,-1.8186850187097514,0.9743459132465944,-4.556375826284938
2000-01-16,1.4219777921235472,-2.9532426848832944,0.47370240333958613,-4.6569267103065926
2000-01-17,2.4128877814590552,-3.1524842820212564,-0.48094303024293583,-2.8727472137732137
2000-01-18,3.2146026713754687,-3.6142416873549625,-0.8264390890690123,-1.6202013172201402
2000-01-19,3.846651069744219,-2.4620205882063417,-1.167811029408247,-1.9909508705463297
2000-01-20,2.7911048784937007,-2.4878234402413097,-1.1694410656532988,-2.901166929234111
2000-01-21,2.0679545790377296,-2.461692647422836,-1.571443141284702,-2.3304504748944597
2000-01-22,1.940896383717115,-3.5284700574473047,-1.1392889878794752,-3.7921552363592568
2000-01-23,2.3910339716785365,-3.913653662208142,-1.3367310219240534,-4.571801973253092
2000-01-24,1.2877781663400325,-4.507968315444341,-0.24506696447904797,-5.051476460839865
2000-01-25,0.9266838998860365,-5.595600806315027,1.258911465908988,-4.8401889818341886
2000-01-26,0.9911133068664603,-4.287550831311132,0.7776929816752232,-3.6038534296993037
2000-01-27,-0.6922037613945887,-5.658058215577954,-0.5344599465860447,-3.6092205172045917
2000-01-28,-1.2374481156333896,-5.479071344812053,0.28174979346206985,-2.5348812322810277
2000-01-29,-1.4868904815158823,-6.048368422439445,0.25151796740755017,-1.8134975506445201
2000-01-30,-2.1489934684104406,-6.482849428079502,1.5509006343654828,-2.1140197608906295
2000-01-31,-4.442856043091879,-5.872279064873611,0.6637618916552831,-1.0799954952740776
2000-02-01,-3.962015083283217,-4.811559458884057,0.8005347248724322,-0.725417770801644
2000-02-02,-3.378474303867737,-5.677114830517843,-0.045558124015255275,-1.3737801245977659
2000-02-03,-3.187039207532551,-6.0630490223706515,0.7950768824247091,-3.4584316845804755
2000-02-04,-3.801262751633876,-7.442073248405759,0.6131041217183679,-3.806051639051359
2000-02-05,-3.1861631592537787,-6.241068058344167,3.3721554813446044,-2.358581130600509
2000-02-06,-3.924078240106983,-6.69345669702003,2.783168481649743,-2.5046108623772754
2000-02-07,-3.9245516054238943,-5.615970731064895,2.1784132017361433,-1.4822838705254158
2000-02-08,-1.438009035314825,-6.71576229103897,3.6708626651673346,-2.6620681500331735
2000-02-09,-1.6581672982060567,-6.1693411994655705,4.626455716193828,-1.866482977793397
2000-02-10,-1.6080397692319097,-5.015487259741943,4.537207529771155,-2.4876898193854977
2000-02-11,-0.07623986201573585,-4.487960376968971,6.054152850195653,-0.8698829166585542
2000-02-12,-0.4668310591290478,-3.944055369976034,6.014494065898245,-1.5170306326531169
2000-02-13,1.348050740716591,-3.6133976354988846,4.818246009848809,-2.395626644720261
2000-02-14,1.7100236314375656,-3.706800061400782,4.0436403801182,-2.1872716865311266
2000-02-15,3.401596598592022,-4.2849009978272665,2.86622282325855,-0.15425759681687223
2000-02-16,4.491347365236323,-5.372453174039274,2.7405938979422215,-1.165168625909482
2000-02-17,3.6343556680829447,-5.275808679892008,2.9069597208408267,0.05606868239299434
2000-02-18,4.069697095945085,-5.654336239220105,1.8764532767193207,1.5187404210535482
2000-02-19,3.97853220303339,-6.815722351765647,2.516022309420656,2.2984951145637185
2000-02-20,2.0590668752218333,-6.3331806227689516,2.7776150873201257,0.6286289901570132
2000-02-21,2.693496027083322,-8.340398380829056,3.0692744418289317,-0.6641629619045928
2000-02-22,5.3702162071969495,-9.082247543076464,3.322034401462273,0.5095843557933664
2000-02-23,5.901299831808619,-8.68987559445057,2.363586203231876,-0.4388556089240616
2000-02-24,8.092408072287295,-9.835015475340747,2.7577091285938837,-1.9880899320559047
2000-02-25,6.357101231678634,-7.749296279708768,2.358432396350965,-2.248444124179005
2000-02-26,5.137828246123011,-6.832891595008241,0.012967919299350594,-3.435822336165221
2000-02-27,6.277735217181623,-9.536186797980692,-0.3163721161556011,-3.4235082908621353
2000-02-28,6.682936623969524,-7.546500000439266,1.241331866261771,-3.300621945197665
2000-02-29,6.432822474290839,-8.673998170808954,1.2046888855356177,-4.257238129033805
2000-03-01,5.467874854114889,-7.881922041547889,0.7165968562843493,-5.108814100763287
2000-03-02,4.462021025910773,-8.039112685682538,2.0266120704914985,-5.150038238712714
2000-03-03,6.24850628518475,-6.7070134488250925,1.486768469495955,-6.0916462614784574
2000-03-04,5.0328562377806305,-9.38795436957683,0.038909718143983474,-7.4579935752750695
2000-03-05,4.1625215346233695,-10.438714888338398,-0.6723901716312765,-7.3888293543847245
2000-03-06,4.293340157735392,-11.00725292760863,-1.927972086198423,-6.047871982782667
2000-03-07,6.591565463234177,-11.343500892316497,-1.4680110323914801,-5.563343154768785
2000-03-08,7.167388942542889,-11.359921677683722,-2.048657648589841,-7.5686132405902935
2000-03-09,7.335937646784119,-10.350751686126275,-0.62106666786765,-7.831561040498099
2000-03-10,7.331691817540762,-10.855156207390115,-0.26640206088351387,-8.52795343489893
2000-03-11,8.01273861789089,-11.866895038740559,0.6450348040606944,-9.74993687376128
2000-03-12,8.687053204199797,-12.457209758632777,1.4286845239966584,-10.747578130532712
2000-03-13,9.461123980973124,-12.362414517238445,3.083851620286548,-11.576641120989754
2000-03-14,10.257922233016453,-11.799640984194864,2.775766015832068,-12.274039976733537
2000-03-15,10.109436697031965,-10.612809125254564,5.309175659216606,-12.8897278745279
2000-03-16,9.854284830772711,-10.906127696561454,6.101587928665288,-12.042918789365359
2000-03-17,10.030517491289512,-11.90952378649916,4.532822346844445,-12.593934901781425
2000-03-18,9.640282459571942,-13.413040925917059,4.170275343407675,-12.488428728151563
2000-03-19,8.619167944308524,-12.9518685049634,2.7966550707862985,-11.681444094458127
2000-03-20,10.004921652385075,-12.97775887540928,2.390571831874074,-12.044264117196507
2000-03-21,9.446584719073151,-14.69703328250079,2.33113808164671,-12.879895021116788
2000-03-22,9.073807144525668,-14.21677699890204,2.224582477093172,-12.043125731771914
2000-03-23,8.605097521907345,-13.760769617218726,3.1978607702217996,-14.777798751113028
2000-03-24,9.749099375021606,-13.357733511311526,1.9233250831046826,-15.603374382050767
2000-03-25,9.31329500198869,-13.680345574085619,1.6146486006651501,-16.087182688458025
2000-03-26,8.535204150992646,-13.105258512560464,2.1514763930208987,-15.316425309432663
2000-03-27,6.963813357606856,-11.5873752310633,4.189065834438406,-15.341478864854967
2000-03-28,5.392232445573347,-12.171716247588481,4.873122284265407,-14.846894291922665
2000-03-29,6.477305905230014,-11.615332922362587,4.265780189693083,-14.282247377044982
2000-03-30,5.92108783301747,-10.418181404762622,3.8491037863079525,-14.793911392635891
2000-03-31,5.1819878050763535,-10.7370593261281,3.935186262507429,-14.235384846609954
2000-04-01,5.181955394295564,-9.541748966668553,3.770116081538798,-13.270115905217349
2000-04-02,5.780689673530431,-9.571944882895782,5.008687352099895,-14.678584290665636
2000-04-03,3.6894634552217216,-9.227860903751662,5.357516079837171,-14.788928179201632
2000-04-04,4.399486102639388,-9.447336478516288,5.36024377890089,-14.497462521878544
2000-04-05,4.6212748209549215,-10.2344426339541,4.615993943288553,-14.08239527079638
2000-04-06,5.587204147568201,-8.626714100286005,5.828984648065331,-13.611420340715014
2000-04-07,4.678313159615104,-8.759867336453178,6.209494294306221,-13.053172252707993
2000-04-08,3.659822004920897,-7.112955990200266,5.84372395256715,-10.2196876092595
2000-04-09,3.472278890680786,-8.606303578078215,8.005622294086495,-8.182542779936787
2000-04-10,2.406509065478901,-7.540378633365979,7.029764639014898,-6.336624393288073
2000-04-11,2.7836635820098112,-7.290966301756419,5.722834501271491,-7.178613887857541
2000-04-12,3.5334758425866566,-8.128706874230373,4.65995711345136,-8.529370529384392
2000-04-13,2.9406893715415903,-8.333304390551895,4.739181672162052,-7.820454088454942
2000-04-14,2.8834098260472385,-9.188814357527518,3.8358449671570547,-8.03605983814475
2000-04-15,6.0850864643521385,-7.7476196698098505,2.996807109932434,-7.783597878715507
2000-04-16,6.01091221777088,-9.23396208876234,3.519905775325722,-6.282205538554013
2000-04-17,5.905407843009035,-10.140750213474737,3.509793519130543,-5.512138805248279
2000-04-18,5.639229019900428,-10.984217426316109,3.011664665670406,-6.38554312217038
2000-04-19,6.688920391042071,-10.310383846034641,2.1225151388084456,-7.68947195138574
2000-04-20,7.551457782587542,-10.490850478950737,0.13445478849739456,-9.115212350429134
2000-04-21,8.071744793930149,-9.273484704261119,-0.4777297963184065,-10.511506772360864
2000-04-22,8.995527079905361,-9.417727399172353,-1.854571781256844,-10.748941270221726
2000-04-23,7.817114424345179,-10.200471343582779,-1.573058298582236,-12.055124345465819
2000-04-24,7.70604688188679,-9.84235448134108,0.0584798302728633,-11.189592270423498
2000-04-25,6.6033022130477885,-8.47032194770969,0.4810706022885693,-9.38400820802111
2000-04-26,5.786675616756654,-8.425001158307802,2.630231306988478,-8.5954145919528
2000-04-27,5.472031736217117,-9.729810995358038,3.1820036057328838,-9.08837778327647
2000-04-28,4.154734042450096,-10.164517018347222,2.2847413022184466,-11.024833276813554
2000-04-29,4.0447284869029225,-9.533145329746887,1.860171479126194,-10.613825456876885
2000-04-30,4.8449331265633875,-10.849952261466342,3.3708965854975226,-9.70685637457618
2000-05-01,5.235538074614428,-9.748189382923977,1.7760446371847958,-9.472080951928108
2000-05-02,5.555997561957137,-10.463480035835593,0.13135007273322707,-10.135637927758566
2000-05-03,7.43899226081445,-9.594139887771332,0.13891655678039358,-10.762507310884722
2000-05-04,9.972944231981565,-9.341582265112525,-0.7620944055177233,-10.525755580288813
2000-05-05,8.55707986439087,-8.826907207053736,-0.33298881793666707,-8.556284839181222
2000-05-06,8.86463170680715,-7.35963430280904,0.133718250288688,-7.352136797591032
2000-05-07,9.4826370005483,-6.503813186268849,1.193968798845601,-6.9714808019957575
2000-05-08,11.199252068487924,-7.513580318750636,2.2746569283186755,-6.547508147739276
2000-05-09,10.03058391328187,-6.140970644542711,3.514838845547276,-7.966299624272282
2000-05-10,12.154648194871386,-6.121034776517337,4.129265938907734,-8.507795353137361
2000-05-11,12.240393837344788,-6.248837698343727,4.909396283336905,-7.937587543381856
2000-05-12,14.433129991787776,-7.602871682234164,4.661939465228452,-6.8222833346648475
2000-05-13,14.180539171019845,-7.622941978316519,2.353064865299078,-7.034010110211806
2000-05-14,14.85492880101168,-9.712070631481534,1.8792702827614256,-8.070426648815411
2000-05-15,14.50072955563574,-11.281035589183983,3.305880375315586,-10.831089833410982
2000-05-16,14.017592843777267,-10.249449905114925,3.859498500195489,-9.332283777289296
2000-05-17,14.877204132657463,-10.980785403970353,2.1474184157512965,-7.4319949425586955
2000-05-18,15.390752272782139,-11.476683363430572,3.1182233321718984,-6.368748119329152
2000-05-19,15.324483277715395,-12.410335963468961,2.330995300995414,-6.446450773251
2000-05-20,15.28847317916706,-14.74616330622259,0.03199716374991857,-4.124172758300205
2000-05-21,16.046034582755606,-14.778252654819862,1.2313379297417524,-4.779095085649858
2000-05-22,15.791271330409208,-14.2201761186168,0.35334255842371753,-5.005227373543583
2000-05-23,15.51146546417265,-14.113574792173868,-0.08505921506071712,-5.336007740532332
2000-05-24,16.13454019218575,-12.435451699368917,-0.9104524608562854,-4.880991343254886
2000-05-25,16.320914841655274,-12.122433354296163,-1.2178536883286228,-6.011791911805494
2000-05-26,17.78274936233347,-13.40932644615016,-1.7961033538634323,-5.267589018372544
2000-05-27,17.413182466361363,-13.331488194214504,-2.8224344626196016,-5.452347345122939
2000-05-28,17.094689443399506,-12.713707793734976,-2.332475559007175,-6.8776765680784
2000-05-29,18.188191726459902,-12.733300832832636,-2.0755660270462233,-9.843315012815022
2000-05-30,17.833089050141016,-13.331402395701623,-2.890882233651456,-10.999107313884892
2000-05-31,17.55475926705168,-14.410691158843353,-2.953909764033007,-11.604607931476187
2000-06-01,18.311769330922466,-13.949978513239996,-2.5697870969341983,-12.252578271400335
2000-06-02,19.21562537085086,-12.724163685569,-3.1986981164745494,-10.942755721497596
2000-06-03,20.63206816485083,-12.68887185884359,-1.773859708582931,-10.930333071300959
2000-06-04,20.25135892966303,-11.710620684773946,-1.7601457336960358,-10.67062055180422
2000-06-05,19.568397773298138,-14.21923938383424,-1.9162234346242135,-10.709213407585366
2000-06-06,19.758982302430287,-14.163181932915762,-0.7158104469893392,-10.316220490126957
2000-06-07,21.441710379265594,-12.884601675003957,0.2709057634449795,-10.277183364504285
2000-06-08,22.861941353680876,-13.490593951975585,-0.6202403249558394,-9.351173244355111
2000-06-09,21.953451253249682,-12.523627830355913,-1.13947135415474,-10.421110007899225
2000-06-10,21.714963238119125,-10.642128120502939,-0.7605166643668415,-9.811794858052151
2000-06-11,23.792319111409437,-8.404704888037413,-0.7112565722475712,-10.123406895474398
2000-06-12,22.83506617514049,-8.017417875999232,0.37784834133462386,-9.046641588269605
2000-06-13,22.603379082713875,-8.301271882408349,-0.270547858387414,-7.913428773133528
2000-06-14,21.646967353697633,-8.934479918046417,0.21337994801615634,-8.39081668760745
2000-06-15,21.137011324914187,-9.958850964690928,0.868073524968777,-6.782606900195485
2000-06-16,21.717493506921066,-7.895802714586839,1.7370709028332305,-5.758362391928631
2000-06-17,20.585598027660794,-9.377157620958624,2.6251857616560685,-5.134707482966457
2000-06-18,21.433164822072857,-9.262571946382689,2.719197804298865,-4.955187614397246
2000-06-19,22.002963410995353,-8.190970900039405,1.0437251097941749,-5.51423458566337
2000-06-20,22.41800202439434,-8.633694604152923,2.040196627675167,-4.669014595442019
2000-06-21,22.644145121125366,-8.9190994767347,0.7309210646598512,-5.546889231442959
2000-06-22,21.236738142348134,-9.094742758933746,1.2080406550066602,-4.475286395550429
2000-06-23,21.642887377639617,-6.863632063134666,0.7187229744395718,-3.124478319060792
2000-06-24,22.825381293955953,-8.344827000868527,1.1081332861159299,-4.235811494089178
2000-06-25,20.491669283054176,-8.575690323141863,2.2277184309502003,-4.84490105336866
2000-06-26,20.192260099656654,-9.967961791573638,3.4598317064730946,-4.400152234728181
2000-06-27,21.462901634697904,-9.820153186479489,3.0120120059216897,-2.9113150125910514
2000-06-28,22.045109577865478,-8.820951146451375,2.274947248457075,-2.511400749523636
2000-06-29,19.909040186700697,-7.393731479300365,3.228302114272961,-2.051160457425073
2000-06-30,18.855435219411188,-8.249891009879173,1.284785791653559,-2.08909032463778
2000-07-01,18.613514736950663,-7.893721001079153,1.5780299586393343,-0.47647173937869236
2000-07-02,17.076693256594396,-7.506620985307464,1.7428460206650502,-2.0334814577449203
2000-07-03,17.193297226551053,-6.913361552801761,1.0496542189748983,-3.2382376185931765
2000-07-04,18.23975106261355,-7.242536356274582,-0.3869831692947594,-3.2714404374966684
2000-07-05,17.391403084483684,-6.599622123813937,-1.713759223263519,-4.94009018669159
2000-07-06,17.157592003408524,-8.312780278440899,-0.7166195406370209,-2.0638146364874315
2000-07-07,17.004969038182377,-8.984537755724508,0.6336739221506146,-3.1843623078503
2000-07-08,18.695604738228436,-7.425511765645278,-0.32170661336890516,-2.8643197501946673
2000-07-09,17.973029397904615,-8.50224785380913,-1.1322403859182817,-5.380253994572207
2000-07-10,15.667827029881018,-8.301100032933695,-0.8098051853884385,-5.296730088625196
2000-07-11,15.653907258727752,-9.091829477428226,-0.42293084853815155,-5.070845141282305
2000-07-12,14.594046866289556,-10.163065446731864,0.2854338313596778,-6.3028270450284705
2000-07-13,13.593048717305887,-10.469670492414531,-1.6710841739164046,-5.692504685124765
2000-07-14,14.585855665873213,-10.483338642920035,-1.9988428838620633,-4.5014605832366374
2000-07-15,15.496687620188085,-9.647392870476684,-3.5919169505952024,-4.275258901823054
2000-07-16,16.06216512535376,-11.091610168174302,-4.702917186657379,-4.286229018801674
2000-07-17,16.43393580915022,-10.443587151806735,-5.414927726949491,-4.041336833204404
2000-07-18,18.115174954778137,-9.209731851033757,-6.75734171671869,-5.989236362264928
2000-07-19,16.66298680576695,-7.887103060590009,-5.85215747883466,-6.310355297251894
2000-07-20,17.320176549487414,-7.072277481732039,-6.428110614956371,-7.0836786613948695
2000-07-21,19.57052171256995,-8.822231936364872,-7.181958281399761,-7.192789324775401
2000-07-22,19.86371634477234,-10.220692392639833,-6.4793841521351965,-8.068573775688833
2000-07-23,19.256701030586672,-9.970006560208208,-5.581276725113515,-9.280953581550817
2000-07-24,20.02679967614136,-10.63463927575995,-4.281240874938627,-8.502815001653497
2000-07-25,19.910038522532048,-9.876438482222024,-4.760265832146312,-7.293340091906228
2000-07-26,18.775589659389585,-11.491411216893573,-4.6197642077875285,-9.18035375899362
2000-07-27,19.419371194445255,-10.131372443060716,-2.907944560425813,-8.363372665587995
2000-07-28,18.96031214391786,-10.408159384193665,-3.8145754469706032,-8.179925356733248
2000-07-29,18.25985949046189,-11.259544992553547,-1.9395790126393162,-7.695263864418618
2000-07-30,17.589659899260834,-11.049338197038471,-2.7340182264543254,-7.093298427113679
2000-07-31,18.445722231312924,-11.983334285981318,-3.2543730771056545,-8.5226940510913
2000-08-01,16.851683981456205,-9.973427448740006,-3.022779661281314,-11.314103747133139
2000-08-02,14.712353568584689,-9.316142194828245,-4.201222900804345,-10.758251820773667
2000-08-03,16.450518281886854,-9.263396871453535,-4.990704755300527,-11.782272880470883
2000-08-04,17.25060307495894,-8.126941738622891,-5.386668393426237,-11.763083784134887
2000-08-05,16.61119866281055,-7.5557897225802355,-5.6753263680312305,-10.199634382879216
2000-08-06,15.36829251586057,-9.53523581102275,-6.504034905924396,-9.861020852058534
2000-08-07,14.067872659912155,-8.24489889805886,-6.646722145320559,-8.276732469386575
2000-08-08,13.72520661583679,-7.981024628960816,-5.2160716451223115,-7.134249367864422
2000-08-09,13.380336663302142,-8.132996268260547,-4.836686472452745,-7.317492024555214
2000-08-10,14.940319314456744,-6.905952838344057,-4.22210395593042,-8.484917555389064
2000-08-11,16.148015989489394,-7.556233168891682,-4.769922479502199,-8.217031577008855
2000-08-12,15.107136565578568,-7.24545821530662,-7.497557763678291,-9.397636659016708
2000-08-13,14.875197424148498,-7.787876102103965,-5.276920437433421,-9.231405308929027
2000-08-14,14.609557962623361,-9.055044952272358,-4.154421559252711,-7.575876471916515
2000-08-15,15.031981937579346,-8.642653031647395,-5.382065569441414,-8.33692000645713
2000-08-16,15.40917600657807,-8.317306928337617,-5.484919894255431,-8.278834695388955
2000-08-17,15.752072015117605,-8.736835462491733,-5.89380353833228,-8.822363868037726
2000-08-18,17.01608951515645,-9.004222459308345,-5.539651639038445,-8.512797127231092
2000-08-19,18.405827527005297,-8.608570465996891,-5.95732175335327,-8.966911612122773
2000-08-20,16.760868730109156,-8.86158248627022,-4.759876078122082,-8.40766723869257
2000-08-21,17.362409455169324,-7.466614210775317,-5.890911557620372,-6.931487696988135
2000-08-22,18.23085023034149,-7.487162418309564,-3.556274854786082,-7.967054252820057
2000-08-23,18.840411926058376,-9.514269052073622,-3.7272391074886384,-7.368361721879064
2000-08-24,18.37649664832482,-10.87061562072336,-2.633747464209588,-6.904572869393833
2000-08-25,18.566128405100617,-10.29087774865948,-2.4454467373961504,-8.047962121595559
2000-08-26,17.87965572095152,-9.791924588566944,-1.1913967294628476,-7.443156815938965
2000-08-27,17.318699795012197,-9.486232302720886,-2.3419687079196456,-6.5174490079125444
2000-08-28,16.448631871264713,-8.999070793160241,-4.01951959286504,-6.209782618611387
2000-08-29,15.886613437348107,-7.356054361797932,-4.6480254257614275,-5.124510653388938
2000-08-30,17.320349036356323,-5.377281845366195,-3.371840356394644,-4.389362265543699
2000-08-31,16.15891045948391,-5.616570300198127,-1.9829026959861855,-4.931638531399381
2000-09-01,14.831542799751512,-5.411154237781072,-2.270613757890092,-3.460199755338457
2000-09-02,16.890738112436836,-5.0594197342713505,-3.1676727822520205,-3.7521085501432836
2000-09-03,18.206693609161345,-8.365262359844142,-0.925903390690348,-3.2814274253481868
2000-09-04,16.673609496433315,-7.56239509148109,-0.6562978616981201,-3.1259932921504725
2000-09-05,15.93854804412109,-6.1276912671528585,0.8895880837166374,-3.6841216438594433
2000-09-06,16.86818047455861,-4.280980867549339,1.8920877734900694,-2.4602565022315277
2000-09-07,17.086275670970196,-3.682455255146149,1.3334879071018677,-2.8033757881605537
2000-09-08,18.68161869966621,-3.0927816869849316,0.6653445116188826,-2.8683656807791116
2000-09-09,18.882204415313275,-1.0205798211738375,-0.9606748538219684,-2.2229656009762464
2000-09-10,18.7145162500343,-0.9698989031022659,-0.14465113371678728,-3.1557545554311397
2000-09-11,19.408360012005016,-2.502059176070847,1.74736012051409,-3.148413949269507
2000-09-12,20.743044465653877,-4.532237341661057,-0.1578752759572355,-1.448587255116784
2000-09-13,21.179325730737226,-5.371809211017592,-0.7309115915612632,-1.176934156962492
2000-09-14,22.4198993170299,-6.223166209167627,-0.009052638870906349,-2.0437094965231144
2000-09-15,22.282409536535727,-6.910718254264483,-0.47401591872565785,-1.4407256865456188
2000-09-16,24.183049679579437,-7.550136110927669,-0.7338442597242416,-2.3588366032097112
2000-09-17,24.36316597445371,-7.323305170393194,-0.7232678367168027,-2.396595890982085
2000-09-18,24.51636204429202,-7.734317165845749,-1.5292316386026847,-1.992198794815368
2000-09-19,24.85829924494204,-7.397979620610079,-2.071278904480176,-0.33775344493129045
2000-09-20,23.356788948912158,-7.839749992364634,-2.0440565742815466,-0.5140860327785239
2000-09-21,23.414835498216032,-7.701791317940784,-1.3109856502750952,-0.524668653317217
2000-09-22,22.253589011280244,-7.32989112364717,-2.209063033763919,-1.6582795335156248
2000-09-23,23.233427799210894,-8.902415116744764,-2.7154420835675017,-2.094351007015801
2000-09-24,22.114187001260202,-11.178716681446513,-3.826925004971376,-1.9068165218550255
2000-09-25,21.991362551189585,-10.930633671522138,-4.261708234300154,-2.581226372494955
2000-09-26,20.952351199098512,-12.45701982384873,-4.1301845348621145,-4.412816470440462
2000-09-27,20.035926729169766,-13.11617075228078,-2.162603139239769,-3.8533896201966837
2000-09-28,20.830735191428605,-13.14696503783469,-3.0327315232260044,-5.315482432348071
2000-09-29,21.73663544187738,-13.124130027385071,-1.2922186044519546,-4.248779714450732
2000-09-30,20.892515213897404,-12.952991045278662,-0.2731649425286533,-3.6171400275800982
2000-10-01,18.226944515043023,-12.718916552902789,-0.8702822931606368,-3.799044013505202
2000-10-02,19.664572901932964,-14.27501526408394,-2.011683400581197,-3.60491156646824
2000-10-03,18.042189680349843,-12.479771209823781,-0.5149708850353683,-1.6235648306353587
2000-10-04,17.16898675479212,-12.86240902565993,0.558480006833407,-0.855639169934474
2000-10-05,16.717915514156463,-14.10746714062323,-0.6437521424997648,-0.17190277866506776
2000-10-06,15.596718067517775,-15.310485545112094,-1.629013151251345,-0.2378295910059086
2000-10-07,16.64794204544563,-14.907033744554063,-2.5694175341962504,0.16656133334670664
2000-10-08,16.1002311338045,-15.173326902129922,-1.9666827138000798,1.1980697232860444
2000-10-09,16.497202558461336,-14.107556202039607,-1.5222453482143723,1.2923569610312726
2000-10-10,15.805701626298372,-13.861407810207552,-0.47099921693720703,1.5963532505839546
2000-10-11,15.07976162803806,-13.227202481693794,-1.2844071142976508,1.984765108867845
2000-10-12,15.935040750989806,-12.014381931200141,-2.438007797177052,1.7825588091773095
2000-10-13,16.70901676063864,-12.077579330892457,-2.2086073244952678,3.70979683429489
2000-10-14,16.50609294570759,-10.63277411481419,-2.4027310050090493,4.224292198096265
2000-10-15,15.825107781224833,-9.79752197917947,-1.540479008381821,4.46752495812747
2000-10-16,17.38126085898778,-9.922169930337757,-0.6877855993302533,3.2093784186362138
2000-10-17,18.674821560382384,-11.814490352564333,-0.1457193652782539,3.4206553346441
2000-10-18,19.340092095619557,-11.392455748943714,-0.7388901091645843,4.201772893541975
2000-10-19,20.034092446417144,-11.455769005027113,-0.1241110730364311,3.423608994834006
2000-10-20,19.004016655635112,-10.91237622247307,1.0891766116159123,4.031045867450807
2000-10-21,18.2875564943582,-12.516059881173963,2.8730599723105748,3.692467963511562
2000-10-22,20.140113626222657,-11.397659297887575,3.0126758253063532,2.503397720704137
2000-10-23,21.070977292896398,-13.31479729871414,3.30135735061533,2.604342987561751
2000-10-24,18.576446969053716,-11.790557438683042,1.6561087699232513,2.304459730477031
2000-10-25,19.389425003435015,-11.311967574978448,1.3419928668045886,3.5917184200930126
2000-10-26,18.06911452439106,-11.47728038072779,1.1437161637486633,2.6774330258506343
2000-10-27,18.602721943335013,-10.705018749467872,1.0711518009877878,1.6401958671153913
2000-10-28,21.13145263121206,-10.076385630337715,1.0637044181845419,1.606846749059215
2000-10-29,22.00773385737257,-10.356663229929378,1.3725657683373012,1.4853814073708176
2000-10-30,23.664875314698477,-8.531619270604924,2.189650206456012,1.6773620564305671
2000-10-31,24.353125631872157,-7.476240114755768,0.10398300708253361,1.881995080124755
2000-11-01,23.587152487495256,-6.714570959071807,0.44637389309824804,1.2409548508036874
2000-11-02,25.01447357859218,-8.300883235081157,-0.14932301297984407,1.900817142140512
2000-11-03,25.02854696354928,-8.793170825601978,-0.80317839025494,1.0952770355790427
2000-11-04,26.385873753028594,-8.858341753867315,-1.7364892647609034,0.6921521367597945
2000-11-05,26.360467383022275,-8.762965499374646,-2.505737288893994,0.7868697753006968
2000-11-06,25.31101088011042,-8.953969198663472,-0.6261374602593521,1.2132155703979581
2000-11-07,24.113967653846817,-8.92404083391359,-0.6584610166356699,0.915571050662833
2000-11-08,23.10031021880389,-8.539158972318651,-0.6852963033383873,1.361781834945237
2000-11-09,22.233804501401142,-8.939669494212017,-1.1804565569003356,1.6075769629633874
2000-11-10,20.950552377742245,-9.515450383114755,-1.7260703586882036,1.6190257857413513
2000-11-11,20.96787686415679,-8.484888711337224,-1.2586163789104143,0.5322197268849802
2000-11-12,21.137956262764828,-5.324885411249927,-1.0549755046201474,-0.07042117653325874
2000-11-13,21.02367976850017,-6.041959104857646,-1.4461294570414913,0.026761121131432378
2000-11-14,18.957317935240322,-4.3285682983483635,-1.9480769602332275,0.21682509981078452
2000-11-15,20.19235616670645,-3.833431406059434,-2.4326999718549533,1.733551314399738
2000-11-16,21.579826041280782,-5.345147472102836,-3.424679610592856,3.387750521647707
2000-11-17,21.732851571667055,-4.07338085970385,-4.30789675333673,3.1038014868338966
2000-11-18,21.906527705928298,-2.5087634325232235,-3.212799372648914,5.6160516705894405
2000-11-19,23.214539206385776,-2.643936456681683,-2.691087562614668,6.173811026882769
2000-11-20,22.825911005607118,-2.711356434781931,-2.758777079101586,6.658031972303453
2000-11-21,23.628460154674787,-1.3559779454594838,-2.906008762010864,5.792287324935292
2000-11-22,21.570079436725887,-1.2150443149370829,-2.8042053944033856,4.75645447634435
2000-11-23,20.46949105413374,-0.46985554316547484,-2.983466595684345,3.3266216596552147
2000-11-24,21.100771312566078,-0.5775978726154796,-2.2405522126095785,4.945481463511019
2000-11-25,20.715102067782222,0.13360233059097626,-1.3464954468433945,4.6781527806467915
2000-11-26,19.74664402643644,-1.113823512783437,-0.9311129686019567,3.737811766519448
2000-11-27,17.82271135972272,1.186114685624037,-2.7608216904459906,4.744409163908337
2000-11-28,18.252176820956123,0.8520053590913628,-1.0872332363868324,2.736921126250558
2000-11-29,18.65120283677443,2.0874040144505024,0.2837748560563713,2.909246655021094
2000-11-30,15.786417300024121,0.34687479431458956,0.7517034250487873,4.439727244689617
2000-12-01,16.106133949809188,-1.1687704802229624,0.8852283200770363,4.544839193210938
2000-12-02,15.73101809514921,0.9987287739430732,0.5974541537217779,4.638530539416656
2000-12-03,16.437817192462006,1.033481800409468,1.307549526756224,2.5458878580758046
2000-12-04,13.97846129097862,2.500623452575849,2.030909102767164,2.964551346269051
2000-12-05,13.563215873853006,2.6799775665667256,1.353290111209671,2.48754140472002
2000-12-06,12.536504211042503,1.5056481783243416,1.479967905988532,2.4575376891438734
2000-12-07,12.107782341906196,2.0453341106352454,1.0253206060943354,3.30636184752072
2000-12-08,11.599612204039474,1.329182920823234,0.4929696681923319,2.6343455653217753
2000-12-09,12.487841941226034,1.3805255774178464,0.9333578080038601,2.254770972256286
2000-12-10,13.148458267660931,2.336253087266072,0.30988229777872767,2.6566062946677493
2000-12-11,13.411066073919294,2.7543279023638307,-1.030388038065856,2.6092747391399755
2000-12-12,11.218600118518376,0.48708014350473183,-2.113772398927495,0.2881391075995938
2000-12-13,9.597557572073818,1.7745453122727928,-0.427240547842733,0.27186372263368885
2000-12-14,8.546132938388444,2.341902022970192,0.6029723423147193,0.9739923687306068
2000-12-15,7.9424613934307695,2.1758766300823265,1.284203844258407,2.9147107228312183
2000-12-16,7.007040478852615,0.6168205353796772,1.661216199869398,4.270236072410904
2000-12-17,7.039747828734907,0.027088817234541707,2.268212467058519,5.153876431130241
2000-12-18,8.291923752999208,0.16336529347181367,3.9862527877550926,5.764445343195658
2000-12-19,7.576205114996516,-0.010980860989002805,4.306558589620765,6.336571871465024
2000-12-20,6.287928949546646,-2.7548380267568544,5.545354402240515,5.648319239269876
2000-12-21,8.176909116715263,-1.4097341701906483,4.971166860933104,6.153530640844788
2000-12-22,6.615538769958683,-0.6537321022932916,4.23970757876188,7.825714972356517
2000-12-23,5.264704452606962,-0.9111242812383248,4.334667607461931,7.167661458282032
2000-12-24,4.8013360833202885,0.01681746406295659,5.209169989709511,7.980241865391856
2000-12-25,6.788595546491417,-0.09973407919673456,4.893718220828259,7.137376611409806
2000-12-26,6.173003303482625,-1.1806486189179612,4.671429335751795,7.131295198869671
2000-12-27,3.116529270907932,-2.1511306085573576,5.451631687292429,6.590777238488553
2000-12-28,1.5568630097395386,-2.9333037644248288,6.2008985192545065,7.153481637885268
2000-12-29,0.9719760368498458,-3.672347505348944,5.656271742981053,6.027125513517026
2000-12-30,0.9373268848058471,-5.424913077771951,7.3193380271725275,6.667121475670712
2000-12-31,1.3560051888173672,-5.163841923162232,6.95108637594873,6.6415457974354615
2001-01-01,0.8624260913638323,-4.535591004445043,6.241521274109939,5.599118880347082
2001-01-02,0.2113613250010905,-3.460757969395356,6.14017144842423,4.611318370058425
2001-01-03,0.9937228618978431,-2.6749448939918476,5.407098721304333,4.965834838594113
2001-01-04,0.9712453715030923,-2.9735279521931646,5.7058609338029305,8.716282708452779
2001-01-05,0.024947192510690996,-2.011782615594195,6.077509642603834,7.514424947608372
2001-01-06,0.411445420940185,-2.6698429782333206,5.702982092867382,8.339250063318577
2001-01-07,0.6272028886993355,-2.4863117049185735,6.006791120989802,7.575326604992895
2001-01-08,1.2209399105061784,-1.4304572875175434,7.747367184117609,7.276044120275823
2001-01-09,0.8009416739641735,-1.5696767584656381,7.580226120179623,5.6179352945139405
2001-01-10,-0.6093022780239816,-1.2474764026506384,6.582562728567015,6.944344600768961
2001-01-11,-3.6087311020298394,-1.2558099834887078,7.410045211326119,7.043009931840718
2001-01-12,-3.4101451451722764,-1.9232186751692897,8.633448340603547,6.3793019074882436
2001-01-13,-3.29978133604902,-3.0300379135307525,10.281057294675039,6.24518193815967
2001-01-14,-1.4924660861704038,-4.791864504441506,11.044792250169245,6.313254470215203
2001-01-15,-1.082379007346609,-2.7027059782863763,9.94650757601422,6.108403090252008
2001-01-16,0.37805265285767153,-2.3514909436558513,8.694796617909162,4.822587309512035
2001-01-17,0.9140218873569081,-2.024186000350838,9.240473015661433,4.471280555040829
2001-01-18,0.9249923164844938,-1.2210716005436826,9.552844679230105,4.43180152902994
2001-01-19,-0.553245142377278,-1.4517278720724636,11.173578005239758,2.9996298868973357
2001-01-20,-0.20867133172362456,-2.003546584379569,9.640477626379353,2.233398037428894
2001-01-21,-0.7695408939497848,-2.5395180473198287,10.544757068097748,3.6979670413931762
2001-01-22,-3.1385116053888096,-3.840410642473084,10.741087645100238,2.46806105920468
2001-01-23,-2.6958899216953087,-3.9965172407463783,10.457643721169312,2.79781813624781
2001-01-24,-2.0472589415533333,-3.5423991432632977,10.468365051260653,1.7875032945004976
2001-01-25,-1.8007687045698977,-3.373288190138229,11.0912694135106,2.6554804464996864
2001-01-26,0.8119225643256769,-2.9759356378057817,9.470989596617754,1.7992403522712046
2001-01-27,2.808970313245064,-1.3655028833480634,9.047166293094106,1.4313315707154928
2001-01-28,1.4571829438840243,-0.38458100669435336,10.1719859084545,1.0342845749903964
2001-01-29,0.6621210065384322,-0.05347265772825266,9.092627512829884,0.3726739821740894
2001-01-30,0.792376911153632,-0.25058556764042517,10.408424510244883,0.08380565128446066
2001-01-31,3.337031111929174,-1.2506205004891144,10.362106978791658,0.35604698158517545
2001-02-01,3.1756300279498095,-0.44519445190310825,10.504122608688787,2.1337767574258235
2001-02-02,2.7483451243325097,-0.8998487015277823,10.697319901024082,1.5421547535260336
2001-02-03,1.790837354801588,-0.6757969365183265,11.818289670946434,0.6505859986443668
2001-02-04,1.598174208697129,-0.9416980423385795,11.842274431087192,0.2075066030022381
2001-02-05,2.07112859275298,-0.9388569911159327,11.622621287743526,0.17167697627911677
2001-02-06,2.0579245053423376,-0.3034058211651517,11.481694647637198,-0.25312710612796696
2001-02-07,2.1177656318148554,1.2415912536131213,11.371070583120435,-1.2017023097410238
2001-02-08,2.275875249989814,2.02869861179569,11.558193667415614,-0.5638059054200706
2001-02-09,1.7750913331052123,1.6347977217535705,10.698116358486752,-0.9127790721030611
2001-02-10,1.4540243424454018,0.7343696567757163,10.916540194218541,0.41876847863148825
2001-02-11,0.5662988437729999,0.42153842987257795,11.348075041979525,1.4426401399803537
2001-02-12,0.5339352178271941,-1.63089911631756,12.045742882165337,1.6515757828368682
2001-02-13,2.3379882012184243,-1.4223996072301142,13.567693538983962,0.9193809984994971
2001-02-14,2.1217655151597326,-1.0083864408978145,13.092406343923322,0.05644153755294723
2001-02-15,1.641921494867786,-1.3913572095735292,14.229278994867546,0.6108226870400099
2001-02-16,3.205341013995431,-0.26359471278736013,15.251974924744994,1.310041726247603
2001-02-17,3.0722059658259018,-0.8211471674545319,15.198969622410964,0.9077546216376235
2001-02-18,3.765320017449216,-0.9265388893837726,15.630451292662515,0.630292879286888
2001-02-19,5.439410921389939,-0.6951947055829262,14.718059973053807,0.4792507505542356
2001-02-20,6.6497871716970955,-1.6258354033132922,16.177281742171207,-0.22020912358151534
2001-02-21,7.0978023546909705,-3.1075409906198215,17.25926316697783,-2.4715035156211367
2001-02-22,7.101252798060962,-3.2232544166986825,17.058316280799442,-3.470937004008134
2001-02-23,5.844714725767862,-3.0461994734085263,15.93669480876247,-3.157730191709754
2001-02-24,6.420873252215773,-2.3015639644960943,16.884596119441767,-2.458261660843946
2001-02-25,7.540712376768727,-1.4713792489109139,17.725826656757036,-2.0606531701025346
2001-02-26,8.264203243504541,0.8990812569081985,17.05579404952304,-2.017831768130952
2001-02-27,9.588988869998264,1.233875244531384,17.538804198000793,-2.0051345576566866
2001-02-28,9.825779005918967,2.3321820543325895,15.917292626432129,-1.8076963159834099
2001-03-01,11.166427081438869,1.4921020619789251,16.292771628999997,-1.2721480379475152
2001-03-02,11.36909783053218,0.8799494616241398,17.21351232812182,-1.268403482935614
2001-03-03,10.75476127025325,0.14955252283135756,16.389273627072726,-1.993605832864048
2001-03-04,11.554855867575522,0.9577722386271739,17.41569383861409,-0.18210153384706995
2001-03-05,11.698375746518773,0.4427106192359722,16.625724508437134,-0.29270557825049637
2001-03-06,11.681114582016258,0.8723544370919492,16.653615570300683,0.654667280684196
2001-03-07,11.177119857522344,0.22459948561756815,17.21286142259729,-1.0418839668130437
2001-03-08,11.836203060023292,-1.5633107130413895,16.404059123326814,-1.8196788127036774
2001-03-09,13.33823674682165,-2.2699894030157464,15.529759133859876,-0.546338096195228
2001-03-10,14.335645710936818,-1.3823354224069884,15.919638447618246,-0.8515756610465476
2001-03-11,12.587313242854464,-2.533666623570088,14.16240599810603,0.11066821342515964
2001-03-12,13.007851890818776,-3.5481043416308227,13.898308472765908,-0.8054329861191565
2001-03-13,13.324067837192576,-2.987300178890785,15.452594283835946,1.4913593817736446
2001-03-14,14.051374556872137,-2.520266850352681,15.201751756136478,1.1505992100621432
2001-03-15,14.359967857195635,-1.2733186312914897,15.185245714910838,0.24663459524922426
2001-03-16,15.199637423669218,-1.9062582448357843,15.025145485358271,0.5401936374451484
2001-03-17,16.207041583343454,-1.512843091270737,17.19776440857464,1.0824124702596116
2001-03-18,17.268723805058762,-2.4995309431378447,16.994807115983832,0.748665214686566
2001-03-19,17.027123681037487,-3.7450183537020343,17.633051070704777,-0.804424864157185
2001-03-20,16.121837274943104,-2.3495942945462933,17.04267595788349,-0.6522354565032836
2001-03-21,16.68411205866763,-0.10447281121162577,15.609833692264345,-1.2260653933440948
2001-03-22,16.128480258829352,0.5529895108719887,15.458051675286393,-2.3649796551046425
2001-03-23,15.461243870131797,-1.3641949111964204,15.716817838229906,-3.1877443448027662
2001-03-24,16.15551842258756,-0.9817646633256962,16.79470902751702,-3.587005647921126
2001-03-25,17.00734622017062,-1.3096845681229172,17.253466749574415,-2.229987000283951
2001-03-26,15.287465690084804,-1.4090023232555304,17.837402664385817,-1.8234994730909355
2001-03-27,15.51173027880972,0.01846724573638725,18.272712600273238,-2.5589677509175197
2001-03-28,14.744147757763397,-1.4386176310709309,17.231548912630085,-1.739292281403071
2001-03-29,14.339846633321647,-3.697771601221866,17.17229613598474,-1.882480556480445
2001-03-30,14.541884859343623,-4.523816046771937,16.32448225426225,-2.945832005187544
2001-03-31,14.560803768487197,-2.240742298643492,16.817045195345887,-0.455855675713718
2001-04-01,14.095095708392833,-3.0476908342077342,17.257898011369633,0.9195983355843127
2001-04-02,14.521408251352321,-1.7780748463300151,17.56760234066951,-0.22419507182214593
2001-04-03,14.056705213987534,-2.1698445740763113,16.56303809613856,-1.1833624105513287
2001-04-04,16.455474002816796,-2.1994013019558065,17.446521893852225,-1.0491001807490608
2001-04-05,15.40041166744853,-2.0750845366878923,16.270939476428936,-1.117829750898623
2001-04-06,13.254958880151747,-1.883406733178227,15.718324556183406,-1.2873209900526559
2001-04-07,14.724354710552625,-2.5525275579373625,16.9305482207673,-1.9824191598363425
2001-04-08,12.843088361486672,-2.317680851367527,16.798143673579467,-2.3419079892503785
2001-04-09,14.420326381743575,-3.0119623612604443,16.627919119217637,-3.5327605251197287
2001-04-10,13.390212447323185,-2.5013715459690253,17.33977511819469,-4.49200875444293
2001-04-11,13.832053312254915,-4.995494913336714,16.30270156750739,-4.645439762688048
2001-04-12,11.63722875437492,-6.381465576997326,15.379119552670533,-5.110389927747645
2001-04-13,11.593513396437352,-5.768315041724629,15.84033975485454,-6.590982883841155
2001-04-14,9.130338335709096,-6.620503018579195,15.501913785988297,-6.850458625207687
2001-04-15,11.188080476848224,-7.80079126048785,18.07543058681807,-7.032250027478434
2001-04-16,13.80873948722852,-7.560825655514418,18.107876770561784,-7.282327986971918
2001-04-17,14.297641046957914,-7.591106311521015,18.937493183599916,-6.659529675598566
2001-04-18,13.702781892510476,-7.072798226898938,19.588625653088382,-6.5317359873833025
2001-04-19,14.645245030915314,-6.872262607744118,19.02563479538982,-6.025782130693135
2001-04-20,15.28842872718745,-4.86112750654555,19.601099390508942,-4.479179039815568
2001-04-21,16.644965511353863,-5.850484339607749,19.307945689528584,-5.389054981894872
2001-04-22,16.261200329534056,-4.868124391711173,20.653196388850624,-6.112947969838915
2001-04-23,18.302134490664972,-6.508402428497132,18.742759358330524,-3.7198758016020954
2001-04-24,18.085889448963652,-6.815562442835556,19.683637279333347,-5.552484497769286
2001-04-25,19.768229017019067,-7.681894724811636,18.657023697833978,-6.733598198932285
2001-04-26,19.87352174882085,-5.718692947929202,19.20064651006162,-7.500267190161129
2001-04-27,21.273379713036434,-6.278709580411428,18.66672545066619,-7.469175512307576
2001-04-28,20.340562523283182,-6.333928911855009,18.402870513781053,-7.167254784860699
2001-04-29,21.697625024578315,-5.616440316943957,19.239412689574216,-7.327243662190044
2001-04-30,22.99379774555601,-5.041206095454619,18.562674822578398,-6.522669589029601
2001-05-01,22.4953032144427,-5.07286401069902,19.712756145930086,-5.653990487029491
2001-05-02,22.243147914942828,-5.708834935685429,19.661820548035596,-4.640316887111778
2001-05-03,21.230788307381065,-7.490346816821673,18.338935801823816,-4.307483977455964
2001-05-04,20.02886534907597,-8.28733821887765,17.56081325977392,-5.292883636657083
2001-05-05,19.87765860753281,-10.119886880096441,17.087177611505012,-5.580250948908292
2001-05-06,19.760963333079452,-10.192785758236885,17.979157727739885,-4.8266083857698225
2001-05-07,18.423747577462677,-10.073891140570414,18.45752592042838,-7.477696099659639
2001-05-08,16.78168889475099,-9.246455968994818,19.645579034867247,-8.237392168246208
2001-05-09,16.343518214447315,-9.460976076200584,21.16447460638485,-8.150175071995971
2001-05-10,16.689255926846005,-8.967306033388894,21.71707825706367,-7.443485864657191
2001-05-11,16.738069747925564,-7.248500312982877,21.70174630860057,-5.703094916310718
2001-05-12,15.371605884541284,-6.714180468820651,23.487039999832852,-5.616374981050692
2001-05-13,15.430344884625136,-5.309918669011886,23.622111554728868,-4.711158640647994
2001-05-14,14.625860699954034,-4.758873774929488,22.98467726606339,-6.675697344589929
2001-05-15,14.412307764621058,-5.011305080840295,24.183637816453974,-7.44732794744875
2001-05-16,16.241127121904672,-6.504591444433519,25.376780207727137,-7.719297810048978
2001-05-17,16.058202550416993,-4.17785381748395,26.229818966801954,-6.66956134838307
2001-05-18,16.961060855559378,-4.84638416079734,25.65474571021962,-7.216369243138887
2001-05-19,17.691518419164947,-4.567499098560077,26.164606503368354,-5.914940962137934
2001-05-20,17.41741758554962,-4.418794087977871,25.46673934644731,-6.843060852449437
2001-05-21,16.56458056545928,-4.658919100845674,26.374466393243875,-6.469860699615474
2001-05-22,16.68557456339822,-3.7704309475529536,24.40322398658296,-5.994725766013836
2001-05-23,16.06409465417155,-4.529530084442895,23.680905775447606,-3.739985009729468
2001-05-24,15.439316004167223,-4.565459997511481,23.84599114609382,-3.345303618668126
2001-05-25,15.280714069230621,-4.032762313112722,22.561730248702677,-2.073548101444436
2001-05-26,13.191149614258373,-3.362616462689533,21.196761004905994,-1.3750534550559428
2001-05-27,10.691906747187058,-3.7702848837790945,21.759836082867075,-1.5152361168328996
2001-05-28,9.869922285959511,-4.968423278203628,20.51697556572376,-2.7524813377123634
2001-05-29,10.31698385479186,-5.1282211386141805,20.409822568217646,-3.8932509861554196
2001-05-30,10.131401924287669,-4.745087732315282,18.961848848241978,-4.5227918784757435
2001-05-31,11.188834609351801,-3.9050812966478956,17.794645677975854,-5.004874304388611
2001-06-01,12.299742852508624,-4.294209525341353,17.491895619435184,-4.815009195757852
2001-06-02,11.306846834762098,-4.262779978215234,17.262434330169658,-6.713899056240589
2001-06-03,10.652998064508626,-6.909796824249769,15.312882347842343,-5.903291388470603
2001-06-04,8.741713524657438,-6.97910585821906,15.338708992466168,-5.725331402989543
2001-06-05,7.709569547739786,-7.046388463557936,13.92302498080023,-4.786352736215739
2001-06-06,6.351959692876121,-6.674138355109295,13.980275424475813,-6.138138836079832
2001-06-07,6.751326637063399,-7.163450671524178,13.508543106873255,-5.96688401499426
2001-06-08,7.072350740534095,-7.257748061061478,13.596309548186756,-5.047839968030312
2001-06-09,6.20698297499479,-5.4652266842350645,15.335359195834041,-4.439146876905852
2001-06-10,5.5509552354697655,-5.177480631748808,13.69776164086376,-2.2637445216309326
2001-06-11,6.238659158675542,-3.8738831329542434,15.001978781528981,-1.4786425033611357
2001-06-12,4.759057695306577,-2.7171438271639845,14.157905817277,-2.131406108348597
2001-06-13,4.135703847217429,-3.3918948864273846,14.581998222492869,-1.8259810805486067
2001-06-14,5.080435147579318,-3.2154251248080667,14.151682449857663,-2.1244941252967458
2001-06-15,3.930243964894631,-3.4921234496223614,14.166529264359225,-2.5511880634080764
2001-06-16,4.272863622588496,-4.086425149547411,12.889034186180877,-4.163258601011979
2001-06-17,4.006330465025512,-5.600324200448896,11.802179820489762,-5.225659305389698
2001-06-18,4.850059428985902,-6.970177100501124,12.423401890887217,-5.898997157136902
2001-06-19,5.024567824719518,-6.922437337118198,12.741076209685062,-4.894080590886557
2001-06-20,5.231000388925211,-6.369582803245522,12.351232279684492,-4.144584513397226
2001-06-21,3.9416260334563358,-8.090748122827117,12.37749934204571,-4.455649518978684
2001-06-22,4.990181469974763,-6.919160282383806,11.74904122649788,-4.185490388738514
2001-06-23,4.07675515383493,-7.206917636507023,12.597180377300663,-3.3181475607481383
2001-06-24,3.5434911863667717,-7.342011457442698,12.695220210352629,-3.1650623445123554
2001-06-25,4.067020481250367,-6.705641524703046,11.731184310249027,-3.254113333912872
2001-06-26,3.1957078478870797,-7.190990744696563,11.169033671675036,-3.098476479184685
2001-06-27,3.6219023940670745,-7.277542396111145,11.012780862542815,-3.9391167760584382
2001-06-28,2.675777913620734,-8.475511984619285,10.970677845764138,-3.700479442633918
2001-06-29,4.382649598277328,-8.907680323427734,11.431895266238932,-3.990446723352286
2001-06-30,3.6475995488266024,-7.983896209356303,10.987607567548613,-4.03817990981428
2001-07-01,4.3750156440134855,-8.427162313837986,11.002733736296745,-3.166719028830034
2001-07-02,2.434077315342982,-9.679191619801236,11.353097205881838,-1.8583383726817904
2001-07-03,3.6953483918478343,-9.887285461691645,11.6063624999831,-2.546615566788138
2001-07-04,4.703768527944988,-9.521474766317656,12.095896245485148,-3.6122258961721454
2001-07-05,5.632745517842848,-9.068849151735371,12.719079879144466,-3.8384012315827793
2001-07-06,5.657853108944787,-6.78888857409783,13.236960909398237,-2.1566215834894393
2001-07-07,5.575143186874947,-6.970460899412097,13.278633467696245,-1.6074477805930596
2001-07-08,7.458016180334597,-6.9248372030568985,13.771827499462898,-2.5579297536565098
2001-07-09,5.9208289682168225,-6.5976780077362145,13.84490800729882,-4.779018667642007
2001-07-10,6.955433413771537,-5.5648502812368275,13.515317328445045,-4.579984102791698
2001-07-11,7.343096493758717,-7.378635499297856,14.467562445371158,-4.71849716599238
2001-07-12,8.258383966269884,-7.359049368388477,13.471796233670544,-4.9769403171489905
2001-07-13,8.024314334201886,-7.5086674662443675,13.33513195146966,-5.386202097214255
2001-07-14,8.67299281629593,-6.666904768000305,12.938042321613446,-7.374377782877476
2001-07-15,8.165482347624184,-8.700034966191742,13.035478603839392,-7.182376762392228
2001-07-16,8.266960933884008,-9.184694311016692,12.148521690481124,-8.914714661064405
2001-07-17,7.95826629153842,-8.794151262880316,12.78985466222841,-8.622937681768569
2001-07-18,7.196717814972653,-10.588297549218026,12.307797962023855,-7.231025601338699
2001-07-19,7.011294365420118,-13.006741719634253,11.165439203253294,-6.890852004662449
2001-07-20,5.976092509265625,-12.627089805357228,10.802961156084113,-8.478374786498305
2001-07-21,7.145499894774704,-14.18761506149509,10.388729998727394,-9.321589166037006
2001-07-22,7.223332529717897,-14.601403831295128,11.348721779661311,-9.09155771403143
2001-07-23,6.165536338955326,-14.51827096419363,12.816661033854686,-8.631440851525337
2001-07-24,7.333035861009281,-13.267884888784893,11.214174389549314,-8.117564738917476
2001-07-25,8.7044050786853,-13.542679897143932,10.197418484235321,-8.050114440891
2001-07-26,7.878103845692776,-14.006833990436629,11.126145016693679,-7.089798718486571
2001-07-27,6.719458913271998,-11.310218794428254,9.402304730527357,-6.77965923703284
2001-07-28,5.300560068204056,-9.506728521599689,9.252072367888937,-7.734339224912552
2001-07-29,6.196468777474346,-9.771377771136486,8.354271673890336,-7.27665886920475
2001-07-30,6.014289876318462,-10.556441231683005,10.267910486292232,-6.217699529683074
2001-07-31,5.4930940743396555,-12.658850694524167,8.96508905347927,-5.198152757241218
2001-08-01,6.775816000290023,-12.713181117621883,8.892900097163842,-5.745357531778031
2001-08-02,6.697500098128846,-13.353935715339146,7.577667276646532,-5.950892713778253
2001-08-03,7.055361370691869,-12.643765201411641,6.441971321249698,-5.729765518533138
2001-08-04,7.112453893923194,-11.623974069611327,6.8572607823391944,-6.2412918570612375
2001-08-05,7.583423511424487,-13.133350729895145,6.5034394158767865,-5.414281812211867
2001-08-06,8.053368598334606,-13.396089194034838,5.5536506097448,-5.775108446247132
2001-08-07,8.281832810091734,-15.44658868498545,7.623533089707655,-6.248506144296682
2001-08-08,7.817037946718529,-16.574394193171052,7.510182134653794,-6.848129099997254
2001-08-09,9.269749146692162,-16.75025206049419,6.424821075412504,-7.40189526845903
2001-08-10,10.062552377583703,-15.370179800694235,7.531099888657517,-5.723784442348558
2001-08-11,8.390827337737477,-16.403144251004573,8.44267441388643,-7.067432024815554
2001-08-12,9.853221946032702,-16.177357846604735,9.44673095160682,-7.27010339883192
2001-08-13,10.55055162386192,-15.330879438678405,9.949289391774771,-6.345676929451243
2001-08-14,10.98600918765363,-15.829432800885291,9.886801458675286,-7.693376391900065
2001-08-15,10.33487568334371,-15.477244538878217,9.994117584744556,-7.780905091019754
2001-08-16,9.209290157841805,-13.797202326160178,9.084234213929864,-8.624540091542906
2001-08-17,10.716773661089237,-14.0072798126374,7.90496166564628,-7.573224346727964
2001-08-18,11.824786150520476,-13.550263663150218,7.560314764549643,-7.332872347110485
2001-08-19,11.207860553795172,-12.829248929284848,6.928082509316917,-7.368446525496658
2001-08-20,11.789516294625813,-12.735512345417959,7.177170226897219,-6.895904973784112
2001-08-21,12.338519442588513,-12.6096776104851,6.1138484267370545,-7.440318982472555
2001-08-22,13.963611534951248,-12.304134827716318,4.202150795434896,-6.794978134932084
2001-08-23,14.787434375162576,-10.316907341971564,4.153883573460406,-6.845065400701837
2001-08-24,14.236292328705908,-10.891949969159807,4.721491029349727,-6.517471640279219
2001-08-25,14.76775287318397,-11.26519236107731,3.5991892007480786,-6.370859351991481
2001-08-26,15.662307075409942,-10.914040077865062,3.5143916802873845,-4.946468002915295
2001-08-27,15.765709987723815,-9.577356241169797,5.004414438185717,-6.610033064591914
2001-08-28,16.682189265469884,-9.565715700105464,6.203304089014562,-7.381722395170223
2001-08-29,16.93711676980729,-7.30489712457752,7.625305544557181,-7.765876381759545
2001-08-30,17.041396826184116,-7.302370643837806,7.434848749993118,-9.033871011170115
2001-08-31,15.676634757430497,-5.998620144616598,7.9689439312142785,-9.348349493318315
2001-09-01,15.760346144389246,-6.983281701501199,7.86998730066707,-7.766380511387857
2001-09-02,15.742764504387562,-7.591240357732632,8.645786297539912,-9.212872878058578
2001-09-03,16.111837743319366,-7.022043736702738,8.904741653218673,-6.922565128975468
2001-09-04,16.83213654666688,-8.514253982902765,8.715249028062013,-6.578348843993036
2001-09-05,17.319829175159338,-10.33122842777657,8.323263707737892,-6.354391687358117
2001-09-06,16.83906423622733,-10.057955440176618,8.033624353936165,-5.348774067274577
2001-09-07,16.128948995026157,-9.737110256687219,8.014373715113248,-4.890731396903461
2001-09-08,16.921576845042164,-11.763788431855735,6.981197860869873,-4.518011224110515
2001-09-09,17.821183583265995,-11.615156557255846,7.312698296949617,-3.018910880358111
2001-09-10,18.353999987275277,-9.431993957519317,7.798126039809818,-2.1939018316801002
2001-09-11,17.58245631249601,-11.595085701261105,8.00546491356907,-1.3828524646609635
2001-09-12,16.066578504278816,-12.660577411815163,9.512916912667285,-0.8474480058163611
2001-09-13,15.860338956044863,-13.94264845192924,11.341065458552356,-1.3489334660323826
2001-09-14,15.278387135385112,-14.65580676985556,12.36717809266463,0.23150757699731916
2001-09-15,14.020687742253445,-13.77487605992066,12.154772705977656,0.4292654320861774
2001-09-16,16.282336387053526,-14.188363561309169,12.584484023852667,0.6607580227716402
2001-09-17,17.581382423518306,-15.012687162611932,12.06379117119844,2.293201888759975
2001-09-18,17.532909843650966,-15.333614076179794,11.051291138083778,-0.6809687043702453
2001-09-19,18.141224995106146,-13.696901681752076,12.934423296452502,-0.1417387158086495
2001-09-20,18.24549393746808,-12.502086061123736,12.681783816942152,0.8801392912852416
2001-09-21,17.178145976821707,-12.936787057628818,11.927820477227119,0.9018036046528071
2001-09-22,17.291964751258842,-14.54202564038847,12.689155031858155,2.428903772945001
2001-09-23,16.224553158877388,-15.039102906523087,12.897741819073866,2.1043013927808794
2001-09-24,15.827534072301159,-15.026746310634534,12.717851384938745,3.192880090497788
2001-09-25,14.002294416818822,-15.685287523837783,12.462474930076779,2.6701017301360483
2001-09-26,14.38751218400217,-17.379667888895828,11.801931226933993,2.514138342286565
2001-09-27,13.768362155933476,-17.3504282555428,13.27228863146139,1.4817955471649193
2001-09-28,14.109083495358767,-17.036387581703835,14.357708783061408,2.112410298802603
2001-09-29,15.652853449100775,-16.395216675540716,15.187671822828866,3.8565733770770185
2001-09-30,14.778784019723028,-16.784202069970803,15.078911450493695,3.79553984803081
2001-10-01,14.948808875949833,-16.739866133681243,13.8599158537564,4.181765579246589
2001-10-02,15.363970783965327,-16.85413219889136,12.612653836168219,4.805773524682958
2001-10-03,15.01901263519407,-16.951175783655767,10.967293194799035,4.729688950562874
2001-10-04,14.881652838929774,-17.27790038448185,10.300857588273542,4.128414720362935
2001-10-05,13.746875573060727,-17.170582294696732,10.64391099315529,4.99934475645316
2001-10-06,15.030576497078055,-15.735574502498462,10.512999231846367,4.306131621221453
2001-10-07,14.047290945160658,-15.026671046438258,11.66985988915676,4.03386412992022
2001-10-08,15.25401602965286,-15.957647075637247,12.57949398662054,2.792875254569188
2001-10-09,16.36212793157365,-16.016857170416444,12.785668744699901,1.7007724126612742
2001-10-10,15.553355943837857,-17.03949128334788,10.586115264981444,0.033191768265207866
2001-10-11,15.07060406700086,-16.202292861679435,10.94371287078946,0.1435953027533497
2001-10-12,14.031536705306339,-15.588774642440649,11.377147999676081,-0.3564214248247534
2001-10-13,14.589207003900873,-15.629374972563758,11.680803037868102,-0.11154195331727856
2001-10-14,12.53187139648932,-15.319400524419798,12.089086633741932,0.8427215322549162
2001-10-15,11.739490996431478,-16.25691949951308,12.340077128002207,0.0347281406409945
2001-10-16,11.442810951906997,-14.349837959787939,12.46419107294831,0.17931838940887582
2001-10-17,11.97745407573954,-13.773916234354505,13.249693465070413,1.9446290687547003
2001-10-18,12.456290598132597,-14.610018669411039,12.238858714067177,2.416961974044614
2001-10-19,11.512695540618912,-15.330598917478296,11.211774181505366,0.85935444573687
2001-10-20,11.552810413502925,-13.647070927705022,10.333124724409192,0.9271107287874237
2001-10-21,11.577261163925108,-14.826543906943298,10.229621690892404,0.9712714485326853
2001-10-22,13.045710771231736,-14.211081805076205,10.385589541422123,0.6490829913573035
2001-10-23,12.407696483911248,-12.315726223321688,10.7978657700869,-0.5007167127456158
2001-10-24,11.483063584977952,-12.524369646426464,10.759318796984612,-1.1415627928374428
2001-10-25,10.461526072725412,-12.996476860899966,10.528061932440895,-1.3390820278284843
2001-10-26,11.93041657619829,-13.159305608453582,10.988437898026508,-1.5249077720572513
2001-10-27,11.327101176116248,-14.299262528183363,11.167135126782878,-0.7080047508413514
2001-10-28,9.978012066444034,-14.15752151771252,11.522400625527064,-1.2788514046852546
2001-10-29,9.936190106145443,-14.445815472488619,11.25209350136883,-3.1800949620543486
2001-10-30,9.766246114613887,-14.620134026215553,12.407849678007564,-1.458491575813501
2001-10-31,9.479661129834106,-15.1467584572114,13.23886600365193,-0.5449406289387251
2001-11-01,9.823331569996865,-14.865121560730467,12.693574998888218,-0.01716121486207045
2001-11-02,10.235418291162805,-13.779445271390781,12.706500103876717,-1.3096266617987964
2001-11-03,10.511596867326272,-13.604322066731521,12.663533024418413,-1.36805729236247
2001-11-04,9.120695499425258,-12.94341229737028,12.787133735871514,-1.1359888240218772
2001-11-05,8.681900821297022,-13.653344388146811,13.23377863914232,-3.185489631912565
2001-11-06,7.401331238928427,-14.073173827791624,14.271537433637354,-0.14286294282271772
2001-11-07,5.60582738484355,-14.212780887711963,14.010097398554816,0.7492648322879378
2001-11-08,6.615271695383235,-14.044181637655225,14.282710571552448,-0.024650728590546844
2001-11-09,6.930250925290838,-14.507263809076207,13.569126448318725,-0.5223645433547284
2001-11-10,5.970988619962922,-15.189044872324114,13.238492647075924,-0.8871598605748083
2001-11-11,5.288141161984342,-14.961051888204846,13.866491103350558,-1.8125850853252352
2001-11-12,5.692672258269267,-13.63500066559629,15.183256692165651,-2.349793107730572
2001-11-13,5.615774132502249,-14.28642284494638,14.372801833831735,-2.3601500087218215
2001-11-14,6.869226131605856,-14.172777663791427,14.818181299904058,-2.203840767939963
2001-11-15,7.061154979048239,-15.220038287283785,15.015036531769956,-2.705490915338385
2001-11-16,6.926885745810061,-14.478111673606335,13.787687947445553,-4.114534656544508
2001-11-17,5.782249241584354,-15.430510966656628,14.525427306309336,-4.18012494767616
2001-11-18,5.623629530983051,-16.396688168158022,15.314167420852424,-3.401822793500977
2001-11-19,5.282460776000024,-16.848803761699447,14.648777951713702,-3.279072236340687
2001-11-20,4.646830333031301,-17.36124973855573,14.589753541238695,-3.5238290641830425
2001-11-21,3.975395644207669,-16.283229827169794,14.593202296966787,-2.0983088510188437
2001-11-22,5.579372041222316,-19.371040748167115,14.748314342415249,-2.1942964524976256
2001-11-23,5.4863009478992355,-19.103917594179695,15.282406399392693,-2.232091764216545
2001-11-24,2.639145015990405,-19.484766635035466,16.116059567357503,-1.457493404299715
2001-11-25,3.6858263608138113,-19.409076610118262,15.719037029759967,-1.7159853960575537
2001-11-26,3.321226721425999,-18.555723578744054,15.917204120644156,-1.6493601763714472
2001-11-27,3.3106462866370103,-19.617849745081095,15.09302609165523,-1.861759953357162
2001-11-28,2.0754700925782856,-18.49510890074165,15.226202960034488,-2.2332530016202123
2001-11-29,2.191522416658028,-16.576923680822322,14.45115896675173,-2.51429302102868
2001-11-30,3.7983384657460046,-16.79801981918434,14.724474564148998,-1.031510986562828
2001-12-01,5.15363662496539,-17.203209115900187,14.381407162251275,-0.9489181990567184
2001-12-02,5.768697237734444,-17.038907800781757,16.64229378724948,-1.6099473163568843
2001-12-03,6.857425581502191,-17.760521732792743,17.23305254425843,-1.6105095691596991
2001-12-04,6.546527381333692,-17.42475095624971,16.62845391248564,-1.4949059161213054
2001-12-05,5.361822269661253,-17.055571398632793,18.495821453192015,-1.0209256008069076
2001-12-06,4.38254717358705,-16.779544819971466,19.45747238855823,-0.5359313520739097
2001-12-07,3.8962347892007543,-16.41904612419831,19.679865107922534,-1.639523728010419
2001-12-08,3.7885625693380804,-15.869852331036741,19.916084375086342,-1.1612153283904545
2001-12-09,5.6528498220090135,-16.24871698473337,18.972757629157464,-3.64132223445716
2001-12-10,4.52023502034947,-16.790355337601397,18.952868165351703,-3.27354368018804
2001-12-11,4.229475659169411,-16.635870764437094,18.475618679544773,-1.8811449660272024
2001-12-12,3.519441019710661,-16.958994782580394,19.32702075168295,-2.9675436469071332
2001-12-13,4.524853271861665,-15.749066338570042,19.491438826752134,-4.013198493008465
2001-12-14,4.065536050057813,-15.91846347404005,19.777520139944134,-6.186479983312703
2001-12-15,4.1487120967872055,-16.08996393760054,20.76917239334946,-6.045330089311974
2001-12-16,4.179087886925404,-15.985329409901198,21.25270575927975,-6.0433052213673255
2001-12-17,4.783195061742034,-15.855465089311725,21.631220747016048,-5.223912128799731
2001-12-18,3.9126288298840177,-15.141449295103197,20.3225360744417,-8.562763626959173
2001-12-19,0.7129974523655407,-15.11192890164804,19.71000034764003,-7.5914790279441196
2001-12-20,1.350977938443974,-15.299681204439278,19.152481324948294,-6.483775103704189
2001-12-21,1.5798971457027333,-14.265703819185507,19.386817034892598,-7.554084489159324
2001-12-22,-0.022253078712086483,-14.8210911066736,21.212870518757118,-6.820730311746607
2001-12-23,-0.8188832709192051,-15.756778043141,23.449919704469558,-6.01720534461685
2001-12-24,0.16706232143329547,-16.05874204606977,21.34869593242524,-6.524001086985559
2001-12-25,2.740889762470015,-15.337105267753465,21.86611421092937,-6.227292917340696
2001-12-26,4.453056853022552,-15.697720174878686,20.694559509849046,-5.191154530422854
2001-12-27,3.767844778622018,-15.839134705992825,20.71672196541862,-5.603721322243002
2001-12-28,3.472708904812413,-15.094614896026853,21.53324104944217,-4.8621756390721895
2001-12-29,4.633491532824234,-14.271495644833797,21.79720032177141,-5.53576967696645
2001-12-30,4.706379251048495,-13.44622516061147,20.724118227415474,-4.554280120240428
2001-12-31,4.345439878501952,-13.732885763324317,19.08537508876721,-3.9968058739763856
2002-01-01,4.653003127512232,-13.478905593147884,18.606446330218358,-6.027664184831977
2002-01-02,3.7365602298994074,-11.42032365753425,15.483792786316444,-6.254205227054345
2002-01-03,3.176000764324134,-13.021112230682721,14.595131796164777,-6.208144295564707
2002-01-04,2.2096580191605715,-15.1000659562539,16.21251758541828,-6.3383283508860435
2002-01-05,1.429195056244493,-15.884746080804526,16.6747174760419,-4.768967462695773
2002-01-06,1.3992936467853674,-16.013964984249263,15.758579333802388,-3.4585491084233886
2002-01-07,0.7618782561244479,-15.407905907591148,15.920463670814637,-4.208937755434361
2002-01-08,1.6454725380845758,-14.61911586219705,16.609855111714896,-2.144992344755601
2002-01-09,1.0934242816794555,-16.51962940879187,16.823538937277075,-3.4396266141691414
2002-01-10,0.8184849022427727,-15.221796168126172,14.70300398676379,-1.1466301089457347
2002-01-11,-1.600287405089155,-16.042252496337465,16.053779467012337,-1.92684329422175
2002-01-12,-1.531503446344113,-15.089639618694974,17.24834773439173,-2.0063596136763553
2002-01-13,-2.3175643843128153,-15.179268698689476,16.602804146027335,-1.6507777296874242
2002-01-14,-2.398894829749088,-14.247536974052734,16.73975506549377,-2.3265397503765537
2002-01-15,-2.8919404419344596,-13.816256767256547,16.217528049267365,-2.0979721211122526
2002-01-16,-4.719448446999157,-14.024408901458306,17.305500412817526,-2.328474530304954
2002-01-17,-5.95385555135084,-13.398930173155813,18.6434575845404,-2.092388588221166
2002-01-18,-6.91026203819286,-12.870443204934203,18.550212875799918,-2.825919428854866
2002-01-19,-6.14490213399727,-12.332097622535322,19.262207659228043,-3.0840093064331517
2002-01-20,-6.748450572561443,-12.320796738072103,17.980862984253484,-4.358030807399854
2002-01-21,-5.95571865757506,-12.748638466352356,17.93420250608187,-3.338693817678453
2002-01-22,-6.785501655024467,-12.563791027062239,17.54888024202363,-1.8680528538883696
2002-01-23,-7.348483603951713,-13.366467871666707,18.244342653386564,-3.112242558471582
2002-01-24,-7.259849647905705,-14.092555279716565,17.500845910436936,-3.0293205920361377
2002-01-25,-8.091667460857284,-12.938345605996227,17.901081837644867,-2.0449777052970335
2002-01-26,-7.361909521266673,-13.349318675964163,16.455045740031228,-0.5137457790339544
2002-01-27,-8.182301615420977,-13.011282608577988,16.698727441925783,-1.2124454876572939
2002-01-28,-6.974884662753461,-12.59576495058205,15.876369976605623,2.306558872428006
2002-01-29,-7.266579976430292,-10.886703340806942,15.415792165458596,1.466907048911432
2002-01-30,-4.565583420617344,-10.703306725618171,16.127998631824052,1.3245815720534493
2002-01-31,-5.868156259101886,-9.481012890884449,17.612208326775566,1.7406999994818702
2002-02-01,-4.777426827511523,-9.359767531583929,17.207058299959265,2.5758811666545705
2002-02-02,-3.7837843329915253,-11.098923382219196,15.81226833889579,2.401242720978904
2002-02-03,-2.8449111236590556,-11.224547977255169,14.49189205300438,2.8368716006213663
2002-02-04,-3.1825199225963896,-10.933367190993865,15.681121577838786,3.982802363516112
2002-02-05,-2.053476077488004,-10.42142284431579,16.612093985030302,4.237297687409592
2002-02-06,-2.3967684724509324,-8.680807819628363,17.405697801013346,4.183451723140907
2002-02-07,-2.0016489539780578,-8.572504487679794,16.988351916731403,4.879264943455127
2002-02-08,-3.389356374108065,-6.805604753712235,16.55535815279763,5.923671273274667
2002-02-09,-3.946489336852952,-7.358763753819536,16.79453274278627,8.373360744465394
2002-02-10,-3.4319092266725337,-10.057563257959913,17.562641779759524,8.23812094942591
2002-02-11,-2.1466278250461777,-11.125532776617236,19.088082707908345,9.62045784321247
2002-02-12,-3.559038425312897,-10.535768971796335,18.98606604909083,11.21513034260396
2002-02-13,-4.209500392392144,-10.079544269738285,18.66188313089133,11.210855241244547
2002-02-14,-5.060912153209938,-9.795328951165677,17.04315464643111,12.41135057213468
2002-02-15,-4.290187506243934,-9.461587984415521,16.355435877864608,13.151636736932723
2002-02-16,-3.875554974582479,-9.45726159676627,17.78603605637541,13.063589462861549
2002-02-17,-3.2966343669787417,-7.988048030221399,18.25439371594435,11.32212788582942
2002-02-18,-3.733879729919508,-7.415279639501678,18.500242139105787,11.720481396006445
2002-02-19,-3.686354447328572,-6.865555923209943,17.308228291983443,12.085034466710544
2002-02-20,-4.459069541766691,-6.41411494795492,17.811514745606484,12.37289738483252
2002-02-21,-6.072496967276384,-4.746176014019806,19.01798589450072,11.886157271121954
2002-02-22,-6.846578832591067,-3.174091079560352,19.16270057001506,12.39385833716654
2002-02-23,-6.482570398060339,-2.629449494570072,19.78978566672857,11.688557525961945
2002-02-24,-7.876027659900622,-3.1610134018391065,20.374843647890817,11.4446118116529
2002-02-25,-7.2399544768221356,-3.016452014850947,19.770105044484847,11.804367753944984
2002-02-26,-6.815607165171027,-1.6692106239035984,20.023178977875943,11.820413146017131
2002-02-27,-7.488784577443155,-2.840400249744205,20.561737935899668,10.107259549485955
2002-02-28,-8.373659155020638,-3.2676395642007625,18.942552215263724,9.703633816509386
2002-03-01,-8.623577336773232,-2.215315791649944,20.47622583357552,10.253254056308835
2002-03-02,-8.224508043240967,-4.13881673034249,21.366977939228594,10.400280343686497
2002-03-03,-7.955569521915598,-3.8818341646459658,21.142143476804087,10.02592885900808
2002-03-04,-7.66711580943733,-4.449782135055304,21.49818640144496,9.186244816722542
2002-03-05,-7.667889601759428,-3.749028251376992,19.538071329198488,8.898982431821263
2002-03-06,-7.3853359272047445,-4.897613995380829,19.58461324135972,9.661985803440968
2002-03-07,-8.704214207675324,-3.988756419531242,20.565589310147793,9.132864781037785
2002-03-08,-9.43411942212079,-6.140734740885671,21.71318976794683,10.491494086132185
2002-03-09,-9.596564087991952,-8.136048928699795,22.938596495800425,8.59344741814356
2002-03-10,-9.68990381396696,-8.235599330280808,21.691571245662754,10.198695304850617
2002-03-11,-9.902974199530012,-9.178104335192163,23.012013957765074,12.042177851721677
2002-03-12,-9.43426633594632,-8.7760377850705,25.1318836372343,13.367392916280428
2002-03-13,-9.344486914296581,-7.5041430589678555,26.710192344662637,12.009286397516561
2002-03-14,-9.47625441663695,-6.858030162261467,27.182747437179383,13.259119909656034
2002-03-15,-10.896310184487348,-6.748933847105939,29.53428955620863,13.773383130604595
2002-03-16,-10.293893249129997,-6.534102444738566,28.37675989331668,15.256603658657399
2002-03-17,-9.148463916660532,-5.399858344009693,28.081816502075696,15.43684240451039
2002-03-18,-9.005270568677947,-5.313043925050162,29.771192173518884,14.191346684707497
2002-03-19,-10.762893359892704,-5.841803777806575,29.097875097167904,15.772224620463458
2002-03-20,-11.35197689856248,-8.651515325992907,31.474480663742348,14.829084860852099
2002-03-21,-13.156281527446627,-8.48213410729935,33.837734217481994,15.655814080930037
2002-03-22,-11.735692142283556,-8.29193959591885,32.47697078034889,15.83546128690033
2002-03-23,-10.212033496577842,-8.999471280060108,32.638443649190464,16.322166025644826
2002-03-24,-10.519320731367724,-8.808738352545609,34.10609722009481,15.19574375055431
2002-03-25,-11.766417204310839,-7.935721089418981,35.4080287186055,13.761732681723556
2002-03-26,-11.51372582906982,-7.424533518902091,34.818595590384504,13.0530038512483
2002-03-27,-9.505300162084204,-8.133151246072163,34.34191653783012,13.82777737151839
2002-03-28,-11.098004980340777,-8.655154460041583,35.46638236186055,14.186758861827744
2002-03-29,-12.150396545503746,-7.703593586277628,34.99609066480498,13.764363625174147
2002-03-30,-13.258212156628971,-7.9431155309350405,35.431749248298715,15.046511886557276
2002-03-31,-12.857754430072223,-8.83376853992316,36.6954795570387,15.588748600196228
2002-04-01,-11.297788546854143,-9.230373735226404,36.12882316908542,15.166290667769156
2002-04-02,-10.193402893852735,-8.504900310882066,35.99349117274937,17.140273030684504
2002-04-03,-11.445597230750865,-8.184755715658376,35.37209926239206,17.38665580530331
2002-04-04,-10.744998777543426,-9.221556713472847,37.01602290446367,15.947115277826835
2002-04-05,-9.173173429941773,-10.34889854497768,36.37076090909129,15.312750618949162
2002-04-06,-9.158030383991582,-11.048259942205096,35.499071271804155,15.229051911758237
2002-04-07,-8.848899266413147,-12.045237093704664,35.7424762808635,15.132186984262308
2002-04-08,-8.853119654721636,-13.308547461614408,35.19993839458645,17.4329258231372
2002-04-09,-8.689710881164833,-12.34504878729908,35.674945848074465,16.853636220937748
2002-04-10,-8.001231425612808,-10.401426727377746,37.18393696080901,17.379809523874364
2002-04-11,-8.761495010397502,-10.004094288678703,39.004046610347885,16.96218264916533
2002-04-12,-9.9044793312705,-9.328802804389646,38.31051186177706,18.365201248195124
2002-04-13,-10.473770836948722,-9.819145850365397,37.91108666239763,19.036836175220596
2002-04-14,-10.178205825840704,-7.615883166426357,37.93933962647307,18.581084928786442
2002-04-15,-9.016807941581305,-8.470018836235436,39.45354036752849,18.7154204296279
2002-04-16,-9.233545232905463,-7.188402331896777,38.007159812961824,17.166475990391568
2002-04-17,-8.929719657817815,-7.622332254453834,37.8255066353721,17.836861443250953
2002-04-18,-9.356542457716543,-7.451568843649224,36.792713926411494,18.511404169280965
2002-04-19,-8.670834230927262,-8.16759857809714,37.26748795009062,18.723775686916955
2002-04-20,-8.733642528310453,-8.798481210828657,37.534012107900324,18.71669824998801
2002-04-21,-10.641782486861883,-9.1499501446286,36.29906079643719,16.78063949976965
2002-04-22,-9.007206246826922,-9.800231864086497,35.608163587968654,17.92164779457237
2002-04-23,-9.80323505957102,-10.948808393003164,36.79379770070807,16.86640328287515
2002-04-24,-10.557256614801169,-11.214515402953177,36.20522108793821,18.0148392012807
2002-04-25,-9.387939656451929,-10.242802449069007,36.73369818806608,18.1225020086638
2002-04-26,-9.79444965691874,-11.13893698781576,36.53168348845065,16.934946543975673
2002-04-27,-10.796990682646085,-13.442794654064759,37.07761632579843,17.334318273796892
2002-04-28,-12.785915738564249,-13.08240974644256,35.7431056213444,18.323958540404668
2002-04-29,-11.764645999076484,-13.632887050004133,35.99314853378994,18.644454375535744
2002-04-30,-11.930336899973296,-12.630129899270585,35.31459861915543,20.87918426215755
2002-05-01,-12.423067690083275,-11.992085380846042,33.99671797953276,21.222007141030417
2002-05-02,-12.82778273043402,-12.763923911067845,34.295283036074956,21.443275185542397
2002-05-03,-14.339998997264738,-12.906035587180666,32.88654639793243,20.19699956907062
2002-05-04,-14.186423726247039,-12.562279194666779,33.38041603760356,20.854694771414373
2002-05-05,-13.150095426269795,-11.91074851905865,31.909938705600624,18.656750558605058
2002-05-06,-13.758029654567636,-12.530313166525723,32.39629249858904,18.176878916274756
2002-05-07,-12.620876820998667,-13.895306778391282,32.12866381109832,18.914880406421773
2002-05-08,-12.458307459325065,-13.683093159572508,33.53050267710752,18.815660808392636
2002-05-09,-13.01388546474437,-13.923781325115248,35.070710385027446,18.212102968386553
2002-05-10,-12.836811639218423,-14.038058513297845,36.13400496245268,17.44214414881013
2002-05-11,-13.676457871113456,-14.48535532364224,35.46145227900135,18.062490021734693
2002-05-12,-14.676186350115593,-15.674545056275035,34.66219817056147,17.549086014918032
2002-05-13,-14.994270478764582,-16.27128073109606,33.78299786282208,17.721925033300934
2002-05-14,-15.817983583189216,-15.97227577553018,33.39503628805685,16.653586605425808
2002-05-15,-16.33411576897487,-15.107379927167552,33.57321018304069,16.89617922198024
2002-05-16,-16.48334289279398,-15.343383118151142,34.94448243409254,15.717182799408272
2002-05-17,-17.69197850851836,-15.28226779450101,35.44263770211382,13.015953604723043
2002-05-18,-19.160305281496758,-15.938786591782675,35.63703668674797,12.915202241083092
2002-05-19,-19.071699425946633,-16.033751688196677,34.55320329824918,13.040262937308446
2002-05-20,-18.49325327574011,-14.949613938268747,34.42332133415117,13.837058266311924
2002-05-21,-17.057366707004128,-15.672634556489035,34.92725431188477,14.100950329221872
2002-05-22,-16.157952754922103,-14.115150506757328,34.95698623386821,15.935604728103385
2002-05-23,-16.492517167251872,-12.850371616301429,33.35761490550417,15.191811148064208
2002-05-24,-17.428748829193683,-11.889624519233479,33.1455594348942,15.826246237310484
2002-05-25,-16.055622212813997,-12.392443331107254,33.04965011577842,15.883619977023063
2002-05-26,-18.1633943371513,-12.644153134203204,32.34081456748192,15.697705815133139
2002-05-27,-16.732890873303,-13.119061983785889,33.230043195028465,15.108824799919498
2002-05-28,-17.466576025673987,-12.170596664480685,33.892009896116086,14.868626837084772
2002-05-29,-18.637972010790012,-10.978111558345987,34.09505599560661,12.67252689845755
2002-05-30,-19.292686450765956,-11.708598225985476,34.78867804505063,11.86654352102328
2002-05-31,-17.090350410310325,-11.151117632151308,34.91818544236439,12.803427919236192
2002-06-01,-17.92930835701152,-10.36442005373351,35.63903650649789,13.13866429595204
2002-06-02,-18.499341829092014,-11.104805846741394,34.020614638572845,12.266615913489801
2002-06-03,-18.681975294455853,-9.743756694608743,32.90005972906941,10.571267165475247
2002-06-04,-18.74421574072748,-9.166217068340204,32.44905721293742,10.504806838737116
2002-06-05,-18.42263766517097,-10.296266167428433,31.411784341008506,10.440708213129222
2002-06-06,-20.11049713292433,-9.772045888006813,31.792160811482034,10.971294868841513
2002-06-07,-20.074081685708183,-9.978101033371328,31.756611677861848,12.315647573768006
2002-06-08,-19.280362488495953,-9.969776129430018,31.822080512615138,11.817247054544817
2002-06-09,-20.018802717276298,-8.817918522016237,31.22976381474807,11.120015750485024
2002-06-10,-21.289866625671298,-8.62597028078792,29.82009598510582,11.291477464845366
2002-06-11,-21.24693490119279,-9.069588787462132,28.884399717179125,11.655814046560382
2002-06-12,-20.2129040542175,-10.314512808814133,27.458969149044172,11.35362966266622
2002-06-13,-20.280491320305348,-9.778206788139189,27.69127490646765,11.93129651633462
2002-06-14,-18.326094823497215,-9.997006190863145,26.26794862321821,12.877986944251903
2002-06-15,-20.56371448154224,-10.357349641236443,24.30379042497299,13.288605601848587
2002-06-16,-20.3325445754467,-11.38013679713595,23.835981819602722,13.0407918434963
2002-06-17,-20.03836610874276,-12.211283536978929,22.59405010384498,12.46025495155537
2002-06-18,-22.248128523071703,-11.461902350002456,22.08598846267565,13.240721962935236
2002-06-19,-22.146091699691507,-13.238263205812274,20.768360767100166,13.954424176659938
2002-06-20,-20.70659433677066,-12.597527042480888,21.160558817654113,12.720430909879559
2002-06-21,-21.17035933027629,-12.912193322906766,19.748670777592068,13.057870687702788
2002-06-22,-21.007690246615503,-12.034457426886192,21.834530794357157,14.51426458095361
2002-06-23,-20.448668413444146,-12.443140843506923,21.885187057431096,15.087479741118749
2002-06-24,-20.73082507581805,-12.135803086718438,20.09236165154181,16.025045825213045
2002-06-25,-21.451357626016975,-12.951537895791372,20.72976523561779,16.142000384890167
2002-06-26,-19.958156366781665,-13.575769766099656,20.456004829764524,14.893624677904597
2002-06-27,-19.72700006615305,-12.614729150489934,20.109953647325945,14.411749372291988
2002-06-28,-17.9293937330934,-12.153938682761616,20.221362307418275,15.122520305487411
2002-06-29,-16.518558751092087,-13.79499167876913,18.793455652469852,15.985726191995346
2002-06-30,-18.314619387883766,-12.317744173573702,18.873663741418127,16.24889758101583
2002-07-01,-20.22895055151048,-13.17849371068447,18.04265806160165,15.817155761704543
2002-07-02,-19.26895784177665,-14.001845717979394,18.456934847300403,15.14367525298437
2002-07-03,-19.342267669811793,-14.150351304524618,19.185832478856,17.888570889453817
2002-07-04,-18.398773593429077,-14.321140606171225,19.416383714663347,17.421255839645926
2002-07-05,-19.222130410175552,-14.445813012321576,18.240926373216965,17.70272601329244
2002-07-06,-19.740026411269856,-15.669782929237257,18.974544626495746,19.30277129759416
2002-07-07,-19.625398761879307,-16.01423747332441,18.132889131395398,19.083625052357338
2002-07-08,-18.75568087620659,-17.12598304111026,19.241116182172746,18.26234722825038
2002-07-09,-17.32336399966055,-17.202893974502487,18.664731786740624,18.085093904138876
2002-07-10,-16.77424822410844,-17.14762787891997,18.41411144320013,17.66231238149083
2002-07-11,-14.73470180154524,-16.304197189978577,16.918251502628152,17.926939299019363
2002-07-12,-15.31386120045824,-15.349103763407234,14.960339321292865,15.219903036059893
2002-07-13,-15.157962134382023,-15.753633241585044,16.170264878897513,15.069097521753134
2002-07-14,-16.802528915068024,-15.156419875997345,17.171968800044656,16.910786450352465
2002-07-15,-17.795651621577356,-14.72770338180762,18.215259075352293,16.360918882414918
2002-07-16,-18.719795715069072,-16.035079853833274,17.19106381299786,15.663221840257803
2002-07-17,-20.19602103331566,-15.696233047272408,16.31446962283221,15.431802123312718
2002-07-18,-20.08960057521505,-15.74713658074403,15.437609558683187,15.939262026101558
2002-07-19,-20.21321386429444,-16.848034745542634,13.336352737773804,17.138719355929652
2002-07-20,-20.575443176182887,-16.211659795398973,11.49097912289038,16.47427915431528
2002-07-21,-20.64363965573933,-17.044924566264694,10.384318520410236,16.358239863243654
2002-07-22,-20.5542302578046,-17.20832333052788,11.637569180468592,16.184899045455367
2002-07-23,-19.66949980295029,-16.230443118715073,12.073777439697142,15.971767202042845
2002-07-24,-20.143727264780615,-18.573439833253072,11.869620852830085,17.63922416213696
2002-07-25,-21.83818112602053,-17.795582637622744,9.818774777097362,16.809284368078295
2002-07-26,-22.534308470221088,-16.229940891260583,7.750698063524565,16.17969987379225
2002-07-27,-24.03281011576807,-14.636953593295901,7.905659806685583,16.03301270243694
2002-07-28,-22.997344542620265,-14.242703308553445,8.332885258834162,13.81668652068859
2002-07-29,-22.165768375077654,-14.442591570397257,9.265748419896573,14.922199850485217
2002-07-30,-21.768756042204,-14.057475995000992,10.493097317204596,14.794844660691254
2002-07-31,-22.836438910790534,-14.464151689660344,11.034676932154468,15.583105506153684
2002-08-01,-23.52216578773031,-14.239206463030285,10.242882047450598,15.377564810573789
2002-08-02,-23.44734699645757,-14.805724074040166,9.724326751663284,15.523765049370002
2002-08-03,-24.215821147333184,-13.49061862526721,8.499063064650715,15.946635987419977
2002-08-04,-23.97840062838637,-13.748910896071228,7.590449683043664,13.679060475352669
2002-08-05,-23.442472089779603,-14.175064455267922,5.964551989502702,14.133636536570997
2002-08-06,-23.93615273115824,-14.585228605613823,6.224890063721078,14.174298180640173
2002-08-07,-23.1147598000826,-15.174357315666528,5.620795852771486,15.633596067871391
2002-08-08,-24.48793316328629,-14.779437300965103,5.246939121079778,15.546966029143976
2002-08-09,-23.96664038851568,-15.738238076066898,5.693706579079991,15.80179768795352
2002-08-10,-22.70302430931773,-15.017913196936128,5.53412521436491,16.282508173397115
2002-08-11,-21.624490615592784,-14.155253406282977,4.382201708219688,15.887122107650063
2002-08-12,-21.27243995889546,-13.860510981630753,4.329616543960972,15.589984042308352
2002-08-13,-23.11458525951241,-14.209836087119978,4.403330262839931,15.70482801044845
2002-08-14,-24.347213377688878,-12.138462753507245,4.728392976580671,16.554611047060725
2002-08-15,-24.776605495663794,-10.791098521569968,2.9265138906341486,16.761089863927793
2002-08-16,-24.83102661480461,-11.056567757683032,4.0768944096558375,16.5061791182354
2002-08-17,-26.908817283544924,-10.52382915286535,5.245189794459329,15.566246023298826
2002-08-18,-28.26271539053457,-10.027755499062957,5.701802254064062,15.162944559148373
2002-08-19,-28.88302510161991,-10.432586783721057,5.428494939766841,16.242197805413127
2002-08-20,-27.587871289398816,-8.856605294500685,6.600524463357706,16.635947329503423
2002-08-21,-29.121372842113676,-6.222086416860221,7.241178647527042,17.073839889649797
2002-08-22,-30.727198093032083,-6.326662301680161,6.289065982406551,16.34963783876381
2002-08-23,-29.648716981759602,-4.549399184718146,6.623667318477485,16.69834033939861
2002-08-24,-28.327315394044096,-5.837141803302492,7.391076394825249,15.3772069105143
2002-08-25,-28.97629484713692,-5.417686401824046,9.385198599294172,14.313293746714926
2002-08-26,-28.916609414032862,-4.575210135327288,10.603800767277246,14.633747588855016
2002-08-27,-30.121533215711146,-6.247902890980461,12.727947554731001,14.402507722286211
2002-08-28,-29.432753223323875,-6.5177517084869425,11.083135549657847,13.947611482749119
2002-08-29,-28.810473657392514,-6.790476396746356,8.90515227576546,12.614356213256015
2002-08-30,-28.361403004850064,-7.7238477628041,9.469188412514816,11.982362241735762
2002-08-31,-29.85602827007211,-4.950409819274341,9.931773740226829,10.027926035908951
2002-09-01,-29.118274666282282,-5.426298862198646,10.808721579541603,10.439138833344789
2002-09-02,-28.13598003334535,-4.9609640450817984,8.896132702206263,9.870851594458117
2002-09-03,-29.15268311023035,-6.281913770404975,8.542166766933203,9.218484422311219
2002-09-04,-29.135387516340508,-7.982871864338667,8.89384997247919,9.705000329111417
2002-09-05,-28.936734152697827,-8.078767911759252,9.577480808678114,9.8140000071417
2002-09-06,-30.227533757662975,-7.4371101841969285,11.479999124643053,9.030603550109612
2002-09-07,-29.099589439004724,-8.042497767722077,11.22190447207189,8.047952210845231
2002-09-08,-27.91920277839487,-7.38192078932618,12.165019401132971,7.310176760770994
2002-09-09,-27.46087389780157,-7.674142896493104,12.44586483908474,9.37124378280038
2002-09-10,-27.04166566293269,-6.7312052665527915,11.305446124135578,7.868597253336411
2002-09-11,-28.53081174321457,-7.0277257827302675,11.864730936192878,10.162556526905448
2002-09-12,-28.364797100751456,-8.24945709754685,10.195361767527718,10.47859661260088
2002-09-13,-29.218173953561568,-7.806302570917412,9.429600574778949,10.797546814235153
2002-09-14,-28.99680990524019,-8.439067130269972,10.793605598419074,11.131230401437909
2002-09-15,-28.793446526507125,-9.530237166384149,9.103883781815453,13.155861100086065
2002-09-16,-30.074649522499087,-9.416650051290349,10.605116709174835,12.707575022260686
2002-09-17,-30.32113695541704,-8.433998961351799,10.63194552781638,11.934883006231795
2002-09-18,-31.827957538226222,-8.957813948395746,10.797117601080208,12.883148666790623
2002-09-19,-33.435589870452354,-9.65524675134422,9.66222289915933,12.079311173935858
2002-09-20,-32.587843633032186,-9.72390144149422,9.188611352510291,13.183644285086134
2002-09-21,-33.366163632104154,-9.774097731052553,8.933737483403519,12.806753342795648
2002-09-22,-34.10724767766142,-9.236760920298504,7.956278475460883,11.497082281396793
2002-09-23,-35.48350703334214,-10.327807125288986,9.479692846808556,11.89197568846701
2002-09-24,-35.6897104634592,-11.007798159834167,9.209599598978,13.502993804982715
2002-09-25,-35.23114279106377,-13.357417032679137,9.859602325765067,12.480350411266112
2002-09-26,-35.25431021014337,-13.116471873067148,11.279013517737285,12.832805566455548
